GameID,GameTitle,Genre,ReleaseDate,Developer
1,Right-sized human-resource forecast,Adventure,2024-02-24,Pixel Studios
2,Optional tertiary frame,Simulation,2021-11-02,StarGame Studios
3,Team-oriented static standardization,Simulation,2022-08-16,Pixel Studios
4,Inverse mobile database,Strategy,2024-03-15,Sunrise Interactive
5,Inverse mission-critical array,Adventure,2022-05-08,Pixel Studios
6,Integrated tertiary installation,Action,2022-12-09,Sunrise Interactive
7,Team-oriented non-volatile initiative,Strategy,2023-12-11,SeaWave Games
8,Quality-focused static frame,Puzzle,2021-09-04,Sunrise Interactive
9,Synergized multi-state moratorium,Action,2023-09-05,DarkMoon Games
10,Intuitive directional moderator,Strategy,2022-06-10,DarkMoon Games
11,Decentralized leadingedge toolset,Strategy,2023-08-04,StarGame Studios
12,Horizontal context-sensitive monitoring,Sci-Fi,2023-06-27,StarGame Studios
13,Expanded tangible challenge,Sci-Fi,2023-07-10,Sunrise Interactive
14,Multi-lateral non-volatile workforce,Adventure,2023-09-11,Pixel Studios
15,User-centric analyzing definition,Sci-Fi,2023-06-16,StarGame Studios
16,Persevering tertiary portal,Adventure,2024-01-03,Pixel Studios
17,Advanced systematic challenge,Action,2023-04-25,SeaWave Games
18,Assimilated even-keeled groupware,Adventure,2022-07-18,StarGame Studios
19,Customer-focused bottom-line algorithm,Strategy,2021-11-06,Pixel Studios
20,Synergized asynchronous infrastructure,Strategy,2024-01-30,StarGame Studios
21,Digitized client-driven Graphic Interface,Puzzle,2022-12-14,Sunrise Interactive
22,Persevering hybrid moratorium,Simulation,2024-05-08,StarGame Studios
23,User-centric static groupware,Puzzle,2024-07-23,StarGame Studios
24,Horizontal scalable capability,Strategy,2022-06-29,StarGame Studios
25,Configurable demand-driven interface,Puzzle,2024-03-15,SeaWave Games
26,Upgradable solution-oriented forecast,Adventure,2022-05-23,DarkMoon Games
27,Cloned 24hour analyzer,Action,2024-06-24,SeaWave Games
28,Proactive global productivity,Simulation,2021-10-03,DarkMoon Games
29,Future-proofed client-driven model,Action,2023-06-22,StarGame Studios
30,Upgradable directional Local Area Network,Adventure,2021-11-13,SeaWave Games
31,Assimilated demand-driven intranet,Strategy,2022-05-12,Sunrise Interactive
32,Extended tangible secured line,Action,2024-01-15,SeaWave Games
33,Open-architected background firmware,Simulation,2021-10-23,StarGame Studios
34,Proactive dynamic migration,Action,2023-04-26,Sunrise Interactive
35,Versatile logistical task-force,Sci-Fi,2021-10-31,Sunrise Interactive
36,Pre-emptive grid-enabled data-warehouse,Simulation,2024-05-26,StarGame Studios
37,Function-based upward-trending knowledge user,Sci-Fi,2024-04-10,DarkMoon Games
38,De-engineered high-level Local Area Network,Sci-Fi,2022-10-20,DarkMoon Games
39,Upgradable well-modulated encoding,Adventure,2023-04-06,Pixel Studios
40,Reduced encompassing workforce,Puzzle,2022-10-27,DarkMoon Games
41,Universal content-based approach,Adventure,2022-06-07,StarGame Studios
42,Ameliorated user-facing benchmark,Action,2024-05-01,StarGame Studios
43,Centralized secondary Internet solution,Simulation,2021-12-21,DarkMoon Games
44,Ergonomic incremental software,Action,2023-11-22,Pixel Studios
45,Programmable actuating open architecture,Puzzle,2022-11-05,Pixel Studios
46,Cross-platform disintermediate matrices,Simulation,2021-10-17,StarGame Studios
47,Exclusive eco-centric encoding,Adventure,2022-07-29,SeaWave Games
48,Multi-tiered incremental time-frame,Sci-Fi,2022-10-16,Sunrise Interactive
49,Expanded cohesive data-warehouse,Strategy,2021-12-19,Sunrise Interactive
50,Reactive mission-critical groupware,Action,2024-05-22,StarGame Studios
51,Exclusive zero administration data-warehouse,Sci-Fi,2024-05-03,Sunrise Interactive
52,Implemented system-worthy database,Sci-Fi,2022-09-22,StarGame Studios
53,Re-contextualized empowering projection,Sci-Fi,2024-01-01,Pixel Studios
54,Front-line full-range conglomeration,Simulation,2024-04-20,SeaWave Games
55,Intuitive even-keeled orchestration,Strategy,2024-03-14,StarGame Studios
56,Open-source eco-centric architecture,Simulation,2022-10-13,Pixel Studios
57,Customer-focused even-keeled installation,Action,2023-07-16,SeaWave Games
58,Object-based upward-trending flexibility,Action,2022-01-10,SeaWave Games
59,Object-based client-server parallelism,Simulation,2022-08-24,SeaWave Games
60,Horizontal systematic algorithm,Strategy,2022-03-26,DarkMoon Games
61,Devolved high-level service-desk,Strategy,2024-05-15,DarkMoon Games
62,Managed tangible solution,Puzzle,2021-10-16,SeaWave Games
63,Robust bi-directional time-frame,Adventure,2022-09-24,StarGame Studios
64,Face-to-face incremental emulation,Sci-Fi,2023-02-17,DarkMoon Games
65,Front-line high-level knowledge user,Puzzle,2023-04-26,Sunrise Interactive
66,Inverse optimal access,Sci-Fi,2021-10-10,SeaWave Games
67,Virtual non-volatile knowledgebase,Action,2022-11-02,StarGame Studios
68,Monitored multimedia archive,Simulation,2022-06-28,SeaWave Games
69,Focused human-resource alliance,Strategy,2021-09-15,Pixel Studios
70,Assimilated systematic function,Adventure,2022-12-05,DarkMoon Games
71,Face-to-face 5thgeneration time-frame,Adventure,2022-08-04,Pixel Studios
72,Assimilated bandwidth-monitored paradigm,Adventure,2024-04-11,SeaWave Games
73,Monitored neutral time-frame,Strategy,2021-11-09,DarkMoon Games
74,Open-architected object-oriented throughput,Puzzle,2023-12-28,Pixel Studios
75,Visionary local standardization,Action,2024-04-21,DarkMoon Games
76,Multi-layered reciprocal migration,Simulation,2022-03-28,StarGame Studios
77,Programmable human-resource time-frame,Sci-Fi,2022-05-20,DarkMoon Games
78,Distributed empowering frame,Adventure,2023-05-24,Pixel Studios
79,Balanced upward-trending time-frame,Adventure,2023-12-03,DarkMoon Games
80,Right-sized value-added knowledge user,Strategy,2023-06-21,StarGame Studios
81,Triple-buffered attitude-oriented Local Area Network,Action,2024-02-19,DarkMoon Games
82,Programmable clear-thinking intranet,Simulation,2024-03-10,Sunrise Interactive
83,Profit-focused real-time info-mediaries,Action,2021-10-25,Sunrise Interactive
84,Intuitive high-level software,Action,2022-11-30,Pixel Studios
85,Open-source methodical task-force,Adventure,2021-08-26,StarGame Studios
86,Intuitive systemic focus group,Adventure,2023-08-22,StarGame Studios
87,Horizontal zero-defect definition,Simulation,2023-02-15,DarkMoon Games
88,Intuitive secondary structure,Adventure,2024-07-01,SeaWave Games
89,Versatile 5thgeneration extranet,Action,2024-08-04,SeaWave Games
90,Triple-buffered neutral solution,Action,2024-01-21,SeaWave Games
91,Intuitive holistic adapter,Adventure,2024-08-16,SeaWave Games
92,Virtual high-level moderator,Action,2021-11-20,SeaWave Games
93,Face-to-face executive instruction set,Strategy,2023-04-24,Pixel Studios
94,Progressive intangible challenge,Adventure,2023-09-20,DarkMoon Games
95,Streamlined stable capacity,Action,2023-04-04,StarGame Studios
96,Re-engineered stable instruction set,Action,2022-06-20,SeaWave Games
97,Vision-oriented neutral capability,Action,2021-11-30,SeaWave Games
98,Virtual local task-force,Adventure,2024-04-13,StarGame Studios
99,Face-to-face eco-centric throughput,Puzzle,2023-08-10,Sunrise Interactive
100,Persevering systemic help-desk,Adventure,2021-10-18,Pixel Studios
101,Pre-emptive impactful projection,Action,2021-09-26,StarGame Studios
102,Inverse zero tolerance solution,Adventure,2023-06-20,Sunrise Interactive
103,Self-enabling systematic hub,Action,2024-04-11,Sunrise Interactive
104,Reduced explicit moderator,Puzzle,2023-05-13,SeaWave Games
105,Up-sized 5thgeneration architecture,Adventure,2023-02-01,Sunrise Interactive
106,Diverse well-modulated pricing structure,Adventure,2024-02-12,DarkMoon Games
107,Automated human-resource firmware,Adventure,2023-12-04,SeaWave Games
108,Right-sized zero-defect groupware,Puzzle,2023-05-05,StarGame Studios
109,Horizontal responsive contingency,Action,2023-07-27,StarGame Studios
110,Realigned directional flexibility,Simulation,2022-01-22,Sunrise Interactive
111,Assimilated neutral parallelism,Action,2022-03-23,Sunrise Interactive
112,Devolved non-volatile info-mediaries,Adventure,2023-05-20,StarGame Studios
113,Networked systemic secured line,Action,2022-09-18,DarkMoon Games
114,Re-engineered attitude-oriented moratorium,Adventure,2024-07-09,Sunrise Interactive
115,User-centric context-sensitive analyzer,Adventure,2022-11-13,Sunrise Interactive
116,Virtual mission-critical workforce,Action,2022-10-24,Sunrise Interactive
117,Balanced mobile model,Puzzle,2022-09-28,StarGame Studios
118,Progressive 24/7 orchestration,Strategy,2023-07-15,StarGame Studios
119,Decentralized client-server strategy,Adventure,2022-05-05,DarkMoon Games
120,Configurable tertiary software,Action,2021-09-17,SeaWave Games
121,Innovative exuding instruction set,Strategy,2022-08-05,Sunrise Interactive
122,Networked modular software,Action,2023-09-27,StarGame Studios
123,Object-based bandwidth-monitored customer loyalty,Puzzle,2022-11-06,StarGame Studios
124,Ameliorated well-modulated protocol,Sci-Fi,2024-07-23,SeaWave Games
125,Advanced 3rdgeneration capability,Strategy,2024-04-20,Pixel Studios
126,Pre-emptive incremental knowledge user,Simulation,2022-02-03,Sunrise Interactive
127,Reverse-engineered responsive process improvement,Adventure,2024-03-07,DarkMoon Games
128,Persistent cohesive circuit,Simulation,2024-06-22,SeaWave Games
129,Face-to-face bottom-line paradigm,Action,2022-02-04,DarkMoon Games
130,Horizontal demand-driven monitoring,Strategy,2022-04-04,Pixel Studios
131,Business-focused bifurcated orchestration,Action,2021-12-31,DarkMoon Games
132,Down-sized 24hour Local Area Network,Simulation,2023-05-20,DarkMoon Games
133,Synergized encompassing throughput,Simulation,2022-05-30,Sunrise Interactive
134,User-centric tertiary functionalities,Sci-Fi,2023-07-19,Sunrise Interactive
135,Synchronized directional adapter,Simulation,2023-04-24,Pixel Studios
136,Integrated 5thgeneration neural-net,Adventure,2021-11-11,Pixel Studios
137,Networked contextually-based function,Adventure,2022-03-12,Sunrise Interactive
138,Persistent fault-tolerant budgetary management,Simulation,2023-03-14,StarGame Studios
139,Front-line neutral project,Puzzle,2022-01-16,StarGame Studios
140,Fundamental background methodology,Strategy,2023-03-14,Pixel Studios
141,Re-engineered eco-centric productivity,Sci-Fi,2021-12-04,Sunrise Interactive
142,Universal dynamic neural-net,Adventure,2021-12-05,StarGame Studios
143,Quality-focused zero administration algorithm,Action,2022-09-04,StarGame Studios
144,Extended mobile Graphic Interface,Simulation,2024-04-16,Pixel Studios
145,Re-contextualized analyzing hardware,Adventure,2022-09-17,StarGame Studios
146,Multi-layered eco-centric approach,Puzzle,2024-06-19,DarkMoon Games
147,Pre-emptive contextually-based moderator,Sci-Fi,2024-08-10,DarkMoon Games
148,Cross-group 24/7 benchmark,Strategy,2023-05-30,SeaWave Games
149,Organized dynamic moderator,Strategy,2022-09-08,Sunrise Interactive
150,Front-line regional hierarchy,Strategy,2023-01-18,SeaWave Games